,VTE (%),Ann. Return (%),Ann. Volatility (%),Sharpe Ratio,Max Drawdown (%),CAGR (%),Total Return (%)
IVV Buy-and-Hold,5.155880502264196,8.599975122077481,19.12308131642158,0.44971701891433247,0.0,[7.00115703],[435.21827802]
Algorithm 1 (Open-Loop),[2.32848015],[7.02926219],[15.08156937],[0.46608294],[38.75041994],[6.0644042],[330.39148748]
Algorithm 2 (Vol Control),[0.3671953],[8.85516004],[14.81941536],[0.59753775],[39.44231277],[8.06083263],[583.32404761]
Algorithm 3 (Lev Control),[0.52833698],[9.46493869],[14.6608228],[0.64559396],[34.77745862],[8.74715516],[699.44445155]
